"ACTIONID","ACTIONEVENTID"
"A9000","E00001"
"A9001","E00001"
"A9002","E00001"
"A9003","E00001"
"A9004","E00001"
"A9005","E00001"
"A9006","E00078"
"A9007","E00066"
"A9008","E00068"
"A9009","E00090"
"A9010","E00068"
"A9011","E00090"
"A9012","E00068"
"A9013","E00393"
"A9014","E04550"
"A9015","E00090"
"A9016","E04551"
"A9017","E00068"
"A9018","E00068"
"A9019","E00090"
"A9020","E00079"
"A9021","E00078"
"A9022","E00079"
"A9023","E00078"
"A9024","E00090"
"A9025","E00090"
"A9026","E00090"
"A9027","E00090"
"A9028","E00090"
"A9029","E00090"
"A9030","E00090"
"A9031","E00068"
"A9032","E00068"
"A9033","E00393"
"A9034","E00079"
"A9035","E00067"
"A9036","E00067"
"A9037","E04552"
"A9038","E04553"
"A9039","E00387"
"A9040","E00393"
"A9041","E00090"
"A9042","E00068"
"A9043","E00068"
"A9044","E04554"
"A9045","E00404"
"A9046","E00078"
"A9047","E00090"
"A9048","E00079"
"A9049","E00393"
"A9050","E00079"
"A9051","E00068"
"A9052","E00068"
"A9053","E00068"
"A9021","E00277"
"A9023","E00277"
"A9025","E00242"
"A9035","E00307"
"A9046","E00277"
