"ACTIONID","ACTIONTERMID"
"A9006","AT0006"
"A9007","AT0006"
"A9008","AT0011"
"A9009","AT0011"
"A9010","AT0012"
"A9011","AT0012"
"A9012","AT0013"
"A9013","AT0013"
"A9014","AT0013"
"A9015","AT0014"
"A9016","AT0014"
"A9017","AT0015"
"A9018","AT0015"
"A9019","AT0015"
"A9020","AT0018"
"A9021","AT0018"
"A9022","AT0017"
"A9023","AT0017"
"A9024","AT0019"
"A9025","AT0027"
"A9026","AT0019"
"A9027","AT0020"
"A9028","AT0020"
"A9029","AT0021"
"A9030","AT0026"
"A9031","AT0021"
"A9032","AT0022"
"A9033","AT0022"
"A9034","AT0023"
"A9035","AT0025"
"A9036","AT0025"
"A9038","AT0028"
"A9038","AT0023"
"A9040","AT0015"
"A9041","AT0028"
"A9041","AT0449"
"A9042","AT0028"
"A9042","AT0449"
"A9043","AT0011"
"A9044","AT0011"
"A9045","AT0024"
"A9046","AT0024"
"A9047","AT0016"
"A9048","AT0016"
"A9049","AT0016"
"A9050","AT0024"
"A9051","AT0016"
"A9052","AT0032"
"A9053","AT0028"
"A9053","AT0449"
"A0001","AT0037"
"A0002","AT0038"
"A0003","AT0039"
"A0004","AT0040"
"A0005","AT0041"
"A0006","AT0042"
"A0007","AT0043"
"A0008","AT0044"
"A0009","AT0045"
"A0010","AT0046"
"A0011","AT0047"
"A0012","AT0048"
"A0013","AT0049"
"A0014","AT0050"
"A0015","AT0051"
"A0016","AT0052"
"A0017","AT0053"
"A0018","AT0054"
"A0019","AT0055"
"A0020","AT0056"
"A0021","AT0057"
"A0022","AT0058"
"A0023","AT0059"
"A0024","AT0060"
"A0025","AT0061"
"A0026","AT0062"
"A0027","AT0063"
"A0028","AT0064"
"A0029","AT0065"
"A0030","AT0066"
"A0031","AT0067"
"A0032","AT0068"
"A0033","AT0069"
"A0034","AT0070"
"A0035","AT0071"
"A0036","AT0072"
"A0037","AT0073"
"A0038","AT0074"
"A0039","AT0075"
"A0040","AT0076"
"A0041","AT0077"
"A0042","AT0078"
"A0043","AT0079"
"A0044","AT0080"
"A0045","AT0081"
"A0046","AT0082"
"A0047","AT0083"
"A0048","AT0084"
"A0049","AT0085"
"A0050","AT0086"
"A0051","AT0087"
"A0052","AT0088"
"A0053","AT0089"
"A0054","AT0090"
"A0055","AT0091"
"A0056","AT0092"
"A0057","AT0093"
"A0058","AT0094"
"A0059","AT0095"
"A0060","AT0096"
"A0061","AT0097"
"A0062","AT0098"
"A0063","AT0099"
"A0064","AT0100"
"A0065","AT0101"
"A0066","AT0102"
"A0067","AT0103"
"A0068","AT0104"
"A0069","AT0105"
"A0070","AT0106"
"A0071","AT0107"
"A0072","AT0108"
"A0073","AT0109"
"A0074","AT0110"
"A0075","AT0111"
"A0076","AT0112"
"A0077","AT0113"
"A0078","AT0114"
"A0079","AT0115"
"A0080","AT0116"
"A0081","AT0117"
"A0082","AT0118"
"A0083","AT0119"
"A0084","AT0120"
"A0085","AT0121"
"A0086","AT0122"
"A0087","AT0123"
"A0088","AT0124"
"A0089","AT0125"
"A0091","AT0127"
"A0092","AT0128"
"A0093","AT0129"
"A0094","AT0130"
"A0095","AT0131"
"A0096","AT0132"
"A0097","AT0133"
"A0098","AT0134"
"A0099","AT0135"
"A0100","AT0136"
"A0101","AT0137"
"A0102","AT0138"
"A0103","AT0139"
"A0104","AT0140"
"A0105","AT0141"
"A0106","AT0142"
"A0107","AT0143"
"A0108","AT0144"
"A0109","AT0145"
"A0110","AT0146"
"A0111","AT0147"
"A0112","AT0148"
"A0113","AT0149"
"A0114","AT0150"
"A0115","AT0151"
"A0116","AT0152"
"A0117","AT0153"
"A0118","AT0154"
"A0119","AT0155"
"A0120","AT0156"
"A0121","AT0157"
"A0122","AT0158"
"A0123","AT0159"
"A0124","AT0160"
"A0125","AT0161"
"A0126","AT0162"
"A0127","AT0163"
"A0128","AT0164"
"A0129","AT0165"
"A0130","AT0166"
"A0131","AT0167"
"A0132","AT0168"
"A0133","AT0169"
"A0134","AT0170"
"A0135","AT0171"
"A0136","AT0172"
"A0137","AT0173"
"A0138","AT0174"
"A0139","AT0175"
"A0140","AT0176"
"A0141","AT0177"
"A0142","AT0178"
"A0143","AT0179"
"A0144","AT0180"
"A0145","AT0181"
"A0146","AT0182"
"A0147","AT0183"
"A0148","AT0184"
"A0149","AT0185"
"A0150","AT0186"
"A0151","AT0187"
"A0152","AT0188"
"A0153","AT0189"
"A0154","AT0190"
"A0155","AT0191"
"A0156","AT0192"
"A0157","AT0193"
"A0158","AT0194"
"A0159","AT0195"
"A0160","AT0196"
"A0161","AT0197"
"A0162","AT0198"
"A0163","AT0199"
"A0164","AT0200"
"A0165","AT0201"
"A0166","AT0202"
"A0167","AT0203"
"A0168","AT0204"
"A0169","AT0205"
"A0170","AT0206"
"A0171","AT0207"
"A0172","AT0208"
"A0173","AT0209"
"A0174","AT0210"
"A0175","AT0211"
"A0176","AT0212"
"A0177","AT0213"
"A0178","AT0214"
"A0179","AT0215"
"A0180","AT0216"
"A0181","AT0217"
"A0182","AT0218"
"A0183","AT0219"
"A0184","AT0220"
"A0185","AT0221"
"A0186","AT0222"
"A0187","AT0223"
"A0188","AT0224"
"A0189","AT0225"
"A0190","AT0226"
"A0191","AT0227"
"A0192","AT0228"
"A0193","AT0229"
"A0194","AT0230"
"A0195","AT0231"
"A0196","AT0232"
"A0197","AT0233"
"A0198","AT0234"
"A0199","AT0235"
"A0200","AT0236"
"A0201","AT0237"
"A0202","AT0238"
"A0203","AT0239"
"A0204","AT0240"
"A0205","AT0241"
"A0206","AT0242"
"A0207","AT0243"
"A0210","AT0246"
"A0211","AT0247"
"A0212","AT0248"
"A0213","AT0249"
"A0214","AT0250"
"A0215","AT0251"
"A0216","AT0252"
"A0217","AT0253"
"A0218","AT0254"
"A0219","AT0255"
"A0220","AT0256"
"A0221","AT0257"
"A0222","AT0258"
"A0223","AT0259"
"A0224","AT0260"
"A0225","AT0261"
"A0226","AT0262"
"A0227","AT0263"
"A0228","AT0264"
"A0229","AT0265"
"A0230","AT0266"
"A0231","AT0267"
"A0232","AT0268"
"A0233","AT0269"
"A0234","AT0270"
"A0235","AT0271"
"A0236","AT0272"
"A0237","AT0273"
"A0238","AT0274"
"A0239","AT0275"
"A0240","AT0276"
"A0241","AT0277"
"A0242","AT0278"
"A0243","AT0279"
"A0244","AT0280"
"A0245","AT0281"
"A0246","AT0282"
"A0247","AT0283"
"A0248","AT0284"
"A0249","AT0285"
"A0250","AT0286"
"A0251","AT0287"
"A0252","AT0288"
"A0253","AT0289"
"A0254","AT0290"
"A0255","AT0291"
"A0256","AT0292"
"A0257","AT0293"
"A0258","AT0294"
"A0259","AT0295"
"A0260","AT0296"
"A0261","AT0297"
"A0262","AT0298"
"A0263","AT0299"
"A0264","AT0300"
"A0265","AT0301"
"A0266","AT0302"
"A0267","AT0303"
"A0268","AT0304"
"A0269","AT0305"
"A0270","AT0306"
"A0271","AT0307"
"A0272","AT0308"
"A0273","AT0309"
"A0274","AT0310"
"A0275","AT0311"
"A0276","AT0312"
"A0277","AT0313"
"A0278","AT0314"
"A0279","AT0315"
"A0280","AT0316"
"A0281","AT0317"
"A0282","AT0318"
"A0283","AT0319"
"A0284","AT0320"
"A0285","AT0321"
"A0286","AT0322"
"A0287","AT0323"
"A0288","AT0324"
"A0289","AT0325"
"A0290","AT0326"
"A0291","AT0327"
"A0292","AT0328"
"A0293","AT0329"
"A0294","AT0330"
"A0295","AT0331"
"A0296","AT0332"
"A0297","AT0333"
"A0298","AT0334"
"A0299","AT0335"
"A0300","AT0336"
"A0301","AT0337"
"A0302","AT0338"
"A0303","AT0339"
"A0304","AT0340"
"A0305","AT0341"
"A0306","AT0342"
"A0307","AT0343"
"A0308","AT0344"
"A0309","AT0345"
"A0311","AT0347"
"A0312","AT0348"
"A0313","AT0349"
"A0314","AT0350"
"A0315","AT0351"
"A0316","AT0352"
"A0317","AT0353"
"A0318","AT0354"
"A0319","AT0355"
"A0320","AT0356"
"A0321","AT0357"
"A0322","AT0358"
"A0323","AT0359"
"A0324","AT0360"
"A0325","AT0361"
"A0326","AT0362"
"A0327","AT0363"
"A0328","AT0364"
"A0329","AT0365"
"A0330","AT0366"
"A0331","AT0367"
"A0332","AT0368"
"A0333","AT0369"
"A0334","AT0370"
"A0335","AT0371"
"A0336","AT0372"
"A0337","AT0373"
"A0338","AT0374"
"A0339","AT0375"
"A0340","AT0376"
"A0341","AT0377"
"A0342","AT0378"
"A0343","AT0379"
"A0344","AT0380"
"A0345","AT0381"
"A0346","AT0382"
"A0347","AT0383"
"A0348","AT0384"
"A0349","AT0385"
"A0350","AT0386"
"A0351","AT0387"
"A0352","AT0388"
"A0353","AT0389"
"A0354","AT0390"
"A0355","AT0391"
"A0356","AT0392"
"A0357","AT0393"
"A0358","AT0394"
"A0359","AT0395"
"A0360","AT0396"
"A0361","AT0397"
"A0362","AT0398"
"A0363","AT0399"
"A0364","AT0400"
"A0365","AT0401"
"A0366","AT0402"
"A0367","AT0403"
"A0368","AT0404"
"A0369","AT0405"
"A0370","AT0406"
"A0371","AT0407"
"A0372","AT0408"
"A0373","AT0409"
"A0374","AT0410"
"A0375","AT0411"
"A0376","AT0412"
"A0377","AT0413"
"A0378","AT0414"
"A0379","AT0415"
"A0380","AT0450"
"A0381","AT0451"
"A0382","AT0452"
"A0383","AT0453"
"A0384","AT0454"
"A0385","AT0455"
"A0386","AT0456"
"A0387","AT0457"
"A0388","AT0458"
"A0389","AT0459"
"A0390","AT0460"
"A0391","AT0461"
"A0392","AT0462"
"A0393","AT0463"
"A0394","AT0464"
"A0395","AT0465"
"A0396","AT0466"
"A0397","AT0467"
"A0398","AT0468"
"A0399","AT0469"
"A0400","AT0470"
"A0401","AT0471"
"A0402","AT0472"
"A0403","AT0473"
"A0404","AT0474"
"A0405","AT0475"
"A0406","AT0476"
"A0407","AT0477"
"A0408","AT0478"
"A0409","AT0479"
"A0410","AT0480"
"A0411","AT0481"
"A0412","AT0482"
"A0413","AT0483"
"A0414","AT0484"
"A0415","AT0485"
"A0416","AT0486"
"A0417","AT0487"
"A0418","AT0488"
"A0419","AT0489"
"A0420","AT0490"
"A0421","AT0491"
"A0422","AT0492"
"A0423","AT0493"
"A0424","AT0494"
"A0425","AT0495"
"A0426","AT0496"
"A0427","AT0497"
"A0428","AT0498"
"A0429","AT0499"
"A0430","AT0500"
"A0431","AT0501"
"A0432","AT0502"
"A0433","AT0503"
"A0434","AT0504"
"A0435","AT0505"
"A0436","AT0506"
"A0437","AT0507"
"A0438","AT0508"
"A0439","AT0509"
"A0440","AT0510"
"A0441","AT0511"
"A0442","AT0512"
"A0443","AT0513"
"A0444","AT0514"
"A0445","AT0515"
"A0446","AT0516"
"A0447","AT0517"
"A0448","AT0518"
"A0449","AT0519"
"A0450","AT0520"
"A0451","AT0521"
"A0452","AT0522"
"A0453","AT0523"
"A0454","AT0524"
"A0455","AT0525"
"A0456","AT0526"
"A0457","AT0527"
"A0458","AT0528"
"A0459","AT0529"
"A0460","AT0530"
"A0461","AT0531"
"A0462","AT0532"
"A0463","AT0533"
"A0464","AT0534"
"A0465","AT0535"
"A0466","AT0536"
"A0467","AT0537"
"A0468","AT0538"
"A0469","AT0539"
"A0470","AT0540"
"A0471","AT0541"
"A0472","AT0542"
"A0473","AT0543"
"A0474","AT0544"
"A0475","AT0545"
"A0476","AT0546"
"A0477","AT0547"
"A0478","AT0548"
"A0479","AT0549"
"A0480","AT0550"
"A0481","AT0551"
"A0482","AT0552"
"A0483","AT0553"
"A0484","AT0554"
"A0485","AT0555"
"A0001","AT0028"
"A0002","AT0028"
"A0003","AT0028"
"A0004","AT0028"
"A0005","AT0028"
"A0006","AT0028"
"A0007","AT0028"
"A0008","AT0028"
"A0009","AT0028"
"A0010","AT0028"
"A0011","AT0028"
"A0012","AT0028"
"A0013","AT0028"
"A0014","AT0028"
"A0015","AT0028"
"A0016","AT0028"
"A0017","AT0028"
"A0018","AT0028"
"A0019","AT0028"
"A0020","AT0028"
"A0021","AT0028"
"A0022","AT0028"
"A0023","AT0028"
"A0024","AT0028"
"A0025","AT0028"
"A0026","AT0028"
"A0027","AT0028"
"A0028","AT0028"
"A0029","AT0028"
"A0030","AT0028"
"A0031","AT0028"
"A0032","AT0028"
"A0033","AT0028"
"A0034","AT0028"
"A0035","AT0028"
"A0036","AT0028"
"A0037","AT0028"
"A0038","AT0028"
"A0039","AT0028"
"A0040","AT0028"
"A0041","AT0028"
"A0042","AT0028"
"A0043","AT0028"
"A0044","AT0028"
"A0045","AT0028"
"A0046","AT0028"
"A0047","AT0028"
"A0048","AT0028"
"A0049","AT0028"
"A0050","AT0028"
"A0051","AT0028"
"A0052","AT0028"
"A0053","AT0028"
"A0054","AT0028"
"A0055","AT0028"
"A0056","AT0028"
"A0057","AT0028"
"A0058","AT0028"
"A0059","AT0028"
"A0060","AT0028"
"A0061","AT0028"
"A0062","AT0028"
"A0063","AT0028"
"A0064","AT0028"
"A0065","AT0028"
"A0066","AT0028"
"A0067","AT0028"
"A0068","AT0028"
"A0069","AT0028"
"A0070","AT0028"
"A0071","AT0028"
"A0072","AT0028"
"A0073","AT0028"
"A0074","AT0028"
"A0075","AT0028"
"A0076","AT0028"
"A0077","AT0028"
"A0078","AT0028"
"A0079","AT0028"
"A0080","AT0028"
"A0081","AT0028"
"A0082","AT0028"
"A0083","AT0028"
"A0084","AT0028"
"A0085","AT0028"
"A0086","AT0028"
"A0087","AT0028"
"A0088","AT0028"
"A0089","AT0028"
"A0091","AT0028"
"A0092","AT0028"
"A0093","AT0028"
"A0094","AT0028"
"A0095","AT0028"
"A0096","AT0028"
"A0097","AT0028"
"A0098","AT0028"
"A0099","AT0028"
"A0100","AT0028"
"A0101","AT0028"
"A0102","AT0028"
"A0103","AT0028"
"A0104","AT0028"
"A0105","AT0028"
"A0106","AT0028"
"A0107","AT0028"
"A0108","AT0028"
"A0109","AT0028"
"A0110","AT0028"
"A0111","AT0028"
"A0112","AT0028"
"A0113","AT0028"
"A0114","AT0028"
"A0115","AT0028"
"A0116","AT0028"
"A0117","AT0028"
"A0118","AT0028"
"A0119","AT0028"
"A0120","AT0028"
"A0121","AT0028"
"A0122","AT0028"
"A0123","AT0028"
"A0124","AT0028"
"A0125","AT0028"
"A0126","AT0028"
"A0127","AT0028"
"A0128","AT0028"
"A0129","AT0028"
"A0130","AT0028"
"A0131","AT0028"
"A0132","AT0028"
"A0133","AT0028"
"A0134","AT0028"
"A0135","AT0028"
"A0136","AT0028"
"A0137","AT0028"
"A0138","AT0028"
"A0139","AT0028"
"A0140","AT0028"
"A0141","AT0028"
"A0142","AT0028"
"A0143","AT0028"
"A0144","AT0028"
"A0145","AT0028"
"A0146","AT0028"
"A0147","AT0028"
"A0148","AT0028"
"A0149","AT0028"
"A0150","AT0028"
"A0151","AT0028"
"A0152","AT0028"
"A0153","AT0028"
"A0154","AT0028"
"A0155","AT0028"
"A0156","AT0028"
"A0157","AT0028"
"A0158","AT0028"
"A0159","AT0028"
"A0160","AT0028"
"A0161","AT0028"
"A0162","AT0028"
"A0163","AT0028"
"A0164","AT0028"
"A0165","AT0028"
"A0166","AT0028"
"A0167","AT0028"
"A0168","AT0028"
"A0169","AT0028"
"A0170","AT0028"
"A0171","AT0028"
"A0172","AT0028"
"A0173","AT0028"
"A0174","AT0028"
"A0175","AT0028"
"A0176","AT0028"
"A0177","AT0028"
"A0178","AT0028"
"A0179","AT0028"
"A0180","AT0028"
"A0181","AT0028"
"A0182","AT0028"
"A0183","AT0028"
"A0184","AT0028"
"A0185","AT0028"
"A0186","AT0028"
"A0187","AT0028"
"A0188","AT0028"
"A0189","AT0028"
"A0190","AT0028"
"A0191","AT0028"
"A0192","AT0028"
"A0193","AT0028"
"A0194","AT0028"
"A0195","AT0028"
"A0196","AT0028"
"A0197","AT0028"
"A0198","AT0028"
"A0199","AT0028"
"A0200","AT0028"
"A0201","AT0028"
"A0202","AT0028"
"A0203","AT0028"
"A0204","AT0028"
"A0205","AT0028"
"A0206","AT0028"
"A0207","AT0028"
"A0210","AT0028"
"A0211","AT0028"
"A0212","AT0028"
"A0213","AT0028"
"A0214","AT0028"
"A0215","AT0028"
"A0216","AT0028"
"A0217","AT0028"
"A0218","AT0028"
"A0219","AT0028"
"A0220","AT0028"
"A0221","AT0028"
"A0222","AT0028"
"A0223","AT0028"
"A0224","AT0028"
"A0225","AT0028"
"A0226","AT0028"
"A0227","AT0028"
"A0228","AT0028"
"A0229","AT0028"
"A0230","AT0028"
"A0231","AT0028"
"A0232","AT0028"
"A0233","AT0028"
"A0234","AT0028"
"A0235","AT0028"
"A0236","AT0028"
"A0237","AT0028"
"A0238","AT0028"
"A0239","AT0028"
"A0240","AT0028"
"A0241","AT0028"
"A0242","AT0028"
"A0243","AT0028"
"A0244","AT0028"
"A0245","AT0028"
"A0246","AT0028"
"A0247","AT0028"
"A0248","AT0028"
"A0249","AT0028"
"A0250","AT0028"
"A0251","AT0028"
"A0252","AT0028"
"A0253","AT0028"
"A0254","AT0028"
"A0255","AT0028"
"A0256","AT0028"
"A0257","AT0028"
"A0258","AT0028"
"A0259","AT0028"
"A0260","AT0028"
"A0261","AT0028"
"A0262","AT0028"
"A0263","AT0028"
"A0264","AT0028"
"A0265","AT0028"
"A0266","AT0028"
"A0267","AT0028"
"A0268","AT0028"
"A0269","AT0028"
"A0270","AT0028"
"A0271","AT0028"
"A0272","AT0028"
"A0273","AT0028"
"A0274","AT0028"
"A0275","AT0028"
"A0276","AT0028"
"A0277","AT0028"
"A0278","AT0028"
"A0279","AT0028"
"A0280","AT0028"
"A0281","AT0028"
"A0282","AT0028"
"A0283","AT0028"
"A0284","AT0028"
"A0285","AT0028"
"A0286","AT0028"
"A0287","AT0028"
"A0288","AT0028"
"A0289","AT0028"
"A0290","AT0028"
"A0291","AT0028"
"A0292","AT0028"
"A0293","AT0028"
"A0294","AT0028"
"A0295","AT0028"
"A0296","AT0028"
"A0297","AT0028"
"A0298","AT0028"
"A0299","AT0028"
"A0300","AT0028"
"A0301","AT0028"
"A0302","AT0028"
"A0303","AT0028"
"A0304","AT0028"
"A0305","AT0028"
"A0306","AT0028"
"A0307","AT0028"
"A0308","AT0028"
"A0309","AT0028"
"A0311","AT0028"
"A0312","AT0028"
"A0313","AT0028"
"A0314","AT0028"
"A0315","AT0028"
"A0316","AT0028"
"A0317","AT0028"
"A0318","AT0028"
"A0319","AT0028"
"A0320","AT0028"
"A0321","AT0028"
"A0322","AT0028"
"A0323","AT0028"
"A0324","AT0028"
"A0325","AT0028"
"A0326","AT0028"
"A0327","AT0028"
"A0328","AT0028"
"A0329","AT0028"
"A0330","AT0028"
"A0331","AT0028"
"A0332","AT0028"
"A0333","AT0028"
"A0334","AT0028"
"A0335","AT0028"
"A0336","AT0028"
"A0337","AT0028"
"A0338","AT0028"
"A0339","AT0028"
"A0340","AT0028"
"A0341","AT0028"
"A0342","AT0028"
"A0343","AT0028"
"A0344","AT0028"
"A0345","AT0028"
"A0346","AT0028"
"A0347","AT0028"
"A0348","AT0028"
"A0349","AT0028"
"A0350","AT0028"
"A0351","AT0028"
"A0352","AT0028"
"A0353","AT0028"
"A0354","AT0028"
"A0355","AT0028"
"A0356","AT0028"
"A0357","AT0028"
"A0358","AT0028"
"A0359","AT0028"
"A0360","AT0028"
"A0361","AT0028"
"A0362","AT0028"
"A0363","AT0028"
"A0364","AT0028"
"A0365","AT0028"
"A0366","AT0028"
"A0367","AT0028"
"A0368","AT0028"
"A0369","AT0028"
"A0370","AT0028"
"A0371","AT0028"
"A0372","AT0028"
"A0373","AT0028"
"A0374","AT0028"
"A0375","AT0028"
"A0376","AT0028"
"A0377","AT0028"
"A0378","AT0028"
"A0379","AT0028"
"A0380","AT0028"
"A0381","AT0028"
"A0382","AT0028"
"A0383","AT0028"
"A0384","AT0028"
"A0385","AT0028"
"A0386","AT0028"
"A0387","AT0028"
"A0388","AT0028"
"A0389","AT0028"
"A0390","AT0028"
"A0391","AT0028"
"A0392","AT0028"
"A0393","AT0028"
"A0394","AT0028"
"A0395","AT0028"
"A0396","AT0028"
"A0397","AT0028"
"A0398","AT0028"
"A0399","AT0028"
"A0400","AT0028"
"A0401","AT0028"
"A0402","AT0028"
"A0403","AT0028"
"A0404","AT0028"
"A0405","AT0028"
"A0406","AT0028"
"A0407","AT0028"
"A0408","AT0028"
"A0409","AT0028"
"A0410","AT0028"
"A0411","AT0028"
"A0412","AT0028"
"A0413","AT0028"
"A0414","AT0028"
"A0415","AT0028"
"A0416","AT0028"
"A0417","AT0028"
"A0418","AT0028"
"A0419","AT0028"
"A0420","AT0028"
"A0421","AT0028"
"A0422","AT0028"
"A0423","AT0028"
"A0424","AT0028"
"A0425","AT0028"
"A0426","AT0028"
"A0427","AT0028"
"A0428","AT0028"
"A0429","AT0028"
"A0430","AT0028"
"A0431","AT0028"
"A0432","AT0028"
"A0433","AT0028"
"A0434","AT0028"
"A0435","AT0028"
"A0436","AT0028"
"A0437","AT0028"
"A0438","AT0028"
"A0439","AT0028"
"A0440","AT0028"
"A0441","AT0028"
"A0442","AT0028"
"A0443","AT0028"
"A0444","AT0028"
"A0445","AT0028"
"A0446","AT0028"
"A0447","AT0028"
"A0448","AT0028"
"A0449","AT0028"
"A0450","AT0028"
"A0451","AT0028"
"A0452","AT0028"
"A0453","AT0028"
"A0454","AT0028"
"A0455","AT0028"
"A0456","AT0028"
"A0457","AT0028"
"A0458","AT0028"
"A0459","AT0028"
"A0460","AT0028"
"A0461","AT0028"
"A0462","AT0028"
"A0463","AT0028"
"A0464","AT0028"
"A0465","AT0028"
"A0466","AT0028"
"A0467","AT0028"
"A0468","AT0028"
"A0469","AT0028"
"A0470","AT0028"
"A0471","AT0028"
"A0472","AT0028"
"A0473","AT0028"
"A0474","AT0028"
"A0475","AT0028"
"A0476","AT0028"
"A0477","AT0028"
"A0478","AT0028"
"A0479","AT0028"
"A0480","AT0028"
"A0481","AT0028"
"A0482","AT0028"
"A0483","AT0028"
"A0484","AT0028"
"A0485","AT0028"
"A9024","AT0557"
"A9025","AT0557"
"A9026","AT0557"
"A9027","AT0558"
"A9028","AT0558"
"A9029","AT0556"

